1,Penelope Cotton,06/03/1980,(252) 248-2274
2,Harriet Trevino,24/02/1975,(793) 240-7728
3,Jenette Hunter,16/02/1971,(801) 791-3989
4,Samson Roy,21/12/1973,(182) 437-1179
5,Josiah Wilkerson,22/07/1987,(597) 590-1496
6,Ingrid Yates,27/12/1970,(354) 403-1605
7,Cally Dorsey,25/06/1988,(747) 437-8200
8,Paul Irwin,22/01/1983,(476) 344-4258
9,Zachery Parker,24/08/1988,(143) 128-4868
10,Reuben Cross,28/06/1980,(163) 941-6074
11,Eagan Barr,08/11/1988,(447) 576-9549
12,Trevor Hoffman,10/12/1975,(516) 192-7835
13,Cedric Lynn,10/05/1982,(354) 617-7096
14,Russell Webster,03/04/1978,(727) 173-4326
15,Sacha Banks,23/04/1989,(419) 932-7425
16,Courtney Workman,20/08/1975,(323) 356-2418
17,Britanni Fisher,16/03/1973,(691) 179-5484
18,Nita Jones,18/07/1973,(910) 555-7582
19,Byron Wood,05/06/1983,(264) 955-0153
20,Dominic Noel,10/09/1984,(889) 768-4866
21,Eaton Carver,13/03/1988,(749) 240-4774
22,Azalia Fisher,09/03/1973,(937) 442-8777
23,Xavier Mcclure,31/03/1980,(294) 363-1788
24,Brittany Gould,30/10/1986,(855) 351-9819
25,Hall Mcclain,24/09/1984,(140) 420-0348
26,Sharon Nixon,09/10/1980,(188) 441-7833
27,Orson Fitzgerald,10/03/1970,(587) 698-2034
28,Abra Smith,05/04/1979,(581) 831-9238
29,Penelope Pratt,27/03/1989,(579) 941-9025
30,Farrah Dillon,28/01/1977,(564) 955-5439
31,Lucius House,21/04/1981,(244) 254-7918
32,Camilla Fields,10/12/1988,(474) 249-6043
33,Jolie Dunn,18/01/1989,(320) 832-8947
34,Gretchen Kennedy,23/12/1985,(453) 354-1555
35,Illiana Johnston,04/07/1986,(799) 923-8819
36,Athena Rowland,01/04/1985,(433) 257-1162
37,Nerea Buckner,19/08/1970,(433) 104-4461
38,Kirk Cabrera,19/07/1983,(223) 490-9964
39,Ferdinand Cotton,28/02/1977,(874) 986-0667
40,Destiny Reed,26/01/1975,(593) 997-9700
41,Winter Colon,27/09/1988,(663) 416-3556
42,Vera Silva,04/07/1974,(214) 975-0075
43,Palmer Dejesus,31/01/1986,(550) 174-0746
44,Hamish Patrick,24/11/1989,(187) 421-3489
45,Kristen Daniel,02/09/1972,(959) 256-6111
46,Philip Bass,09/05/1974,(735) 937-8386
47,Brynn Parks,04/02/1983,(275) 129-2649
48,Gemma Walters,26/10/1971,(762) 257-7422
49,Kenneth Powers,25/04/1983,(195) 817-1243
50,Gil Horton,01/05/1974,(336) 125-0594
51,George Griffin,23/04/1984,(130) 634-5759
52,Natalie Conway,19/07/1985,(695) 917-7075
53,Bruno Cooke,20/07/1973,(329) 800-4266
54,Destiny Mcfarland,21/02/1981,(982) 319-3218
55,Wylie Waller,11/01/1971,(601) 474-0727
56,Jessica Tanner,16/05/1981,(278) 797-7374
57,Jarrod Vargas,20/10/1974,(597) 375-5201
58,Abdul Riggs,10/09/1970,(624) 409-9959
59,Charity Carlson,01/01/1972,(466) 449-6496
60,Felix Skinner,22/05/1985,(367) 396-0777
61,Kessie Madden,16/11/1990,(698) 867-4464
62,Troy Mcdaniel,13/08/1977,(711) 225-6935
63,Cherokee Rosales,09/08/1985,(468) 595-7665
64,Yen Weeks,29/04/1989,(522) 882-1348
65,Darius Thomas,13/01/1977,(495) 711-9065
66,Hayden Logan,28/05/1982,(582) 727-6202
67,Imogene Santos,11/10/1973,(837) 727-7672
68,Jerome Eaton,28/02/1984,(195) 772-0331
69,Kalia Marquez,13/05/1982,(892) 598-2190
70,Hu Hale,27/06/1971,(121) 174-1601
71,Hermione Gentry,17/01/1986,(211) 924-2677
72,Ava Clarke,15/09/1974,(417) 532-6127
73,Yuli Le,13/06/1971,(495) 859-9285
74,Blythe Cummings,01/12/1990,(703) 475-5437
75,Warren Mathis,11/01/1975,(237) 518-3107
76,Jorden Wade,20/01/1970,(361) 304-6120
77,Savannah Moody,11/06/1983,(509) 421-9817
78,Noah Shields,07/04/1974,(815) 685-9039
79,Roth Bender,04/05/1988,(562) 800-6341
80,Regan Blake,12/03/1988,(973) 259-7185
81,Elizabeth Walton,10/09/1990,(179) 322-7275
82,Rana Mendoza,20/04/1983,(446) 176-5810
83,Sydney Buchanan,05/11/1971,(885) 558-5210
84,Grady Macias,24/03/1986,(872) 388-1013
85,Charissa Dotson,19/09/1973,(302) 305-3366
86,Lilah Jimenez,29/12/1988,(692) 508-3668
87,Cooper Nelson,17/07/1989,(752) 585-9514
88,Latifah Berger,18/07/1979,(679) 940-6950
89,Dorian Key,05/02/1977,(793) 150-4298
90,Kevin Lynn,25/04/1987,(623) 309-4584
91,Gannon Stevens,28/12/1982,(941) 934-9682
92,Aristotle Odom,21/04/1986,(138) 349-1833
93,Dawn Chen,10/02/1990,(585) 972-9304
94,Ivan Dorsey,29/11/1976,(187) 962-6679
95,Hanna Perry,19/08/1981,(334) 324-6042
96,Garth Riley,22/05/1989,(118) 822-7751
97,Kay Allen,10/06/1980,(907) 569-6333
98,Libby Shepherd,27/07/1975,(212) 620-7429
99,Debra Becker,22/12/1975,(287) 693-1648
100,Brent Chapman,04/12/1989,(853) 477-9454